<batchFile>
	<batch ID="test">
		<fileSet>
			<file>/home/steve/Music/jazz/Bud_Powell_-_Collard_Greens_and_Black_Eyed_Peas-N76ErzOdk9g.mp3</file>
		<fileSet>/home/steve/Music/jazz/Naima_-_John_Coltrane-Cx-TxiBi43c.mp3</fileSet><fileSet>/home/steve/Music/jazz/Bud_Powell_-_Collard_Greens_and_Black_Eyed_Peas-N76ErzOdk9g.mp3</fileSet><fileSet>/home/steve/Music/jazz/John_Coltrane_-_Giant_Steps-h6NCx0wcrC4.mp3</fileSet><fileSet>/home/steve/Music/jazz/Killer_Joe_By_Art_Farmer_&amp;_Benny_Golson_Jazztet-u23Etcb-L9M.mp3</fileSet><fileSet>/home/steve/Music/jazz/Dave_Brubeck_-_Take_Five-vmDDOFXSgAs.mp3</fileSet><fileSet>/home/steve/Music/jazz/Duke_Ellington_-_Take_the_'a'_Train-zGsGwFBoEgc.mp3</fileSet><fileSet>/home/steve/Music/jazz/Charlie_Parker-_Confirmation-yXK0pZx92MU.mp3</fileSet><fileSet>/home/steve/Music/jazz/Thelonious_Monk_-_Straight,_No_Chaser-ujChUYkPvec.mp3</fileSet><fileSet>/home/steve/Music/jazz/Charlie_'Bird'_Parker_-_Yardbird_Suite-HmroWIcCNUI.mp3</fileSet><fileSet>/home/steve/Music/jazz/Art_Pepper&#65293;You'd_Be_So_Nice_to_Come_Home_To-xISaCzXYYg8.mp3</fileSet><fileSet>/home/steve/Music/rock/02._Taipei_Person-Allah_Tea.mp3</fileSet><fileSet>/home/steve/Music/rock/12._Whiplash_Pants.mp3</fileSet><fileSet>/home/steve/Music/rock/11._Mercy.mp3</fileSet><fileSet>/home/steve/Music/rock/06._Fabuless.mp3</fileSet><fileSet>/home/steve/Music/rock/04._Hydrograd.mp3</fileSet><fileSet>/home/steve/Music/rock/10._St._Marie.mp3</fileSet><fileSet>/home/steve/Music/rock/03._Knievel_Has_Landed.mp3</fileSet><fileSet>/home/steve/Music/rock/08._Rose_Red_Violent_Blue_(This_Song_Is_Dumb_&amp;_So_Am_I).mp3</fileSet><fileSet>/home/steve/Music/rock/05._Song_#3.mp3</fileSet><fileSet>/home/steve/Music/rock/09._Thank_God_It's_Over.mp3</fileSet><fileSet>/home/steve/Music/classic/04-Wine,_Women_And_Song.MP3</fileSet><fileSet>/home/steve/Music/classic/Antonio_Vivaldi_-_Four_Seasons_(Winter).mp3</fileSet><fileSet>/home/steve/Music/classic/08-Horn_Concerto_No._4.MP3</fileSet><fileSet>/home/steve/Music/classic/05-Piano_Sonata_No._5.MP3</fileSet><fileSet>/home/steve/Music/classic/05-Concerto_In_C_Dur.MP3</fileSet><fileSet>/home/steve/Music/classic/Beethoven-Fur_Elise.mp3</fileSet><fileSet>/home/steve/Music/classic/04-Piano_Sonata_No._9_-_2nd_Movement.MP3</fileSet><fileSet>/home/steve/Music/classic/06-German_Dance_-_Rondo.MP3</fileSet><fileSet>/home/steve/Music/classic/Rondo_Alla_Turca-_Mozart.mp3</fileSet><fileSet>/home/steve/Music/classic/02-Piano_SOnata_No._14_-_1st_Movement.MP3</fileSet><fileSet>/home/steve/Music/metal/09._Solitude_(Live).mp3</fileSet><fileSet>/home/steve/Music/metal/05._Goblin.mp3</fileSet><fileSet>/home/steve/Music/metal/04._Elysian_Woes.mp3</fileSet><fileSet>/home/steve/Music/metal/07._Voice_of_Treason.mp3</fileSet><fileSet>/home/steve/Music/metal/08._Faith_In_Others.mp3</fileSet><fileSet>/home/steve/Music/metal/10._Var_Kommer_Barnen_In_(Live).mp3</fileSet><fileSet>/home/steve/Music/metal/02._Cusp_of_Eternity.mp3</fileSet><fileSet>/home/steve/Music/metal/06._River.mp3</fileSet><fileSet>/home/steve/Music/metal/NewFolder</fileSet><fileSet>/home/steve/Music/metal/01._Eternal_Rains_Will_Come.mp3</fileSet><fileSet>/home/steve/Music/metal/03._Moon_Above,_Sun_Below.mp3</fileSet><fileSet>/home/steve/Music/jazz/Naima_-_John_Coltrane-Cx-TxiBi43c.mp3</fileSet><fileSet>/home/steve/Music/jazz/Bud_Powell_-_Collard_Greens_and_Black_Eyed_Peas-N76ErzOdk9g.mp3</fileSet><fileSet>/home/steve/Music/jazz/John_Coltrane_-_Giant_Steps-h6NCx0wcrC4.mp3</fileSet><fileSet>/home/steve/Music/jazz/Killer_Joe_By_Art_Farmer_&amp;_Benny_Golson_Jazztet-u23Etcb-L9M.mp3</fileSet><fileSet>/home/steve/Music/jazz/Dave_Brubeck_-_Take_Five-vmDDOFXSgAs.mp3</fileSet><fileSet>/home/steve/Music/jazz/Duke_Ellington_-_Take_the_'a'_Train-zGsGwFBoEgc.mp3</fileSet><fileSet>/home/steve/Music/jazz/Charlie_Parker-_Confirmation-yXK0pZx92MU.mp3</fileSet><fileSet>/home/steve/Music/jazz/Thelonious_Monk_-_Straight,_No_Chaser-ujChUYkPvec.mp3</fileSet><fileSet>/home/steve/Music/jazz/Charlie_'Bird'_Parker_-_Yardbird_Suite-HmroWIcCNUI.mp3</fileSet><fileSet>/home/steve/Music/jazz/Art_Pepper&#65293;You'd_Be_So_Nice_to_Come_Home_To-xISaCzXYYg8.mp3</fileSet><fileSet>/home/steve/Music/rock/02._Taipei_Person-Allah_Tea.mp3</fileSet><fileSet>/home/steve/Music/rock/12._Whiplash_Pants.mp3</fileSet><fileSet>/home/steve/Music/rock/11._Mercy.mp3</fileSet><fileSet>/home/steve/Music/rock/06._Fabuless.mp3</fileSet><fileSet>/home/steve/Music/rock/04._Hydrograd.mp3</fileSet><fileSet>/home/steve/Music/rock/10._St._Marie.mp3</fileSet><fileSet>/home/steve/Music/rock/03._Knievel_Has_Landed.mp3</fileSet><fileSet>/home/steve/Music/rock/08._Rose_Red_Violent_Blue_(This_Song_Is_Dumb_&amp;_So_Am_I).mp3</fileSet><fileSet>/home/steve/Music/rock/05._Song_#3.mp3</fileSet><fileSet>/home/steve/Music/rock/09._Thank_God_It's_Over.mp3</fileSet><fileSet>/home/steve/Music/classic/04-Wine,_Women_And_Song.MP3</fileSet><fileSet>/home/steve/Music/classic/Antonio_Vivaldi_-_Four_Seasons_(Winter).mp3</fileSet><fileSet>/home/steve/Music/classic/08-Horn_Concerto_No._4.MP3</fileSet><fileSet>/home/steve/Music/classic/05-Piano_Sonata_No._5.MP3</fileSet><fileSet>/home/steve/Music/classic/05-Concerto_In_C_Dur.MP3</fileSet><fileSet>/home/steve/Music/classic/Beethoven-Fur_Elise.mp3</fileSet><fileSet>/home/steve/Music/classic/04-Piano_Sonata_No._9_-_2nd_Movement.MP3</fileSet><fileSet>/home/steve/Music/classic/06-German_Dance_-_Rondo.MP3</fileSet><fileSet>/home/steve/Music/classic/Rondo_Alla_Turca-_Mozart.mp3</fileSet><fileSet>/home/steve/Music/classic/02-Piano_SOnata_No._14_-_1st_Movement.MP3</fileSet><fileSet>/home/steve/Music/metal/09._Solitude_(Live).mp3</fileSet><fileSet>/home/steve/Music/metal/05._Goblin.mp3</fileSet><fileSet>/home/steve/Music/metal/04._Elysian_Woes.mp3</fileSet><fileSet>/home/steve/Music/metal/07._Voice_of_Treason.mp3</fileSet><fileSet>/home/steve/Music/metal/08._Faith_In_Others.mp3</fileSet><fileSet>/home/steve/Music/metal/10._Var_Kommer_Barnen_In_(Live).mp3</fileSet><fileSet>/home/steve/Music/metal/02._Cusp_of_Eternity.mp3</fileSet><fileSet>/home/steve/Music/metal/06._River.mp3</fileSet><fileSet>/home/steve/Music/metal/NewFolder</fileSet><fileSet>/home/steve/Music/metal/01._Eternal_Rains_Will_Come.mp3</fileSet><fileSet>/home/steve/Music/metal/03._Moon_Above,_Sun_Below.mp3</fileSet></fileSet>
		<settings>
			<windowSize>512</windowSize>
			<windowOverlap>0.0</windowOverlap>
			<samplingRate>16000.0</samplingRate>
			<normalise>false</normalise>
			<perWindowStats>false</perWindowStats>
			<overallStats>true</overallStats>
			<outputType>ACE</outputType>
			<feature>
				<name>Derivative of Standard Deviation of Root Mean Square</name>
				<active>false</active>
				<attribute>100</attribute>
			</feature>
			<feature>
				<name>Running Mean of Beat Sum</name>
				<active>false</active>
				<attribute>100</attribute>
			</feature>
			<feature>
				<name>Running Mean of Peak Based Spectral Smoothness</name>
				<active>false</active>
				<attribute>100</attribute>
			</feature>
			<feature>
				<name>Derivative of LPC</name>
				<active>false</active>
				<attribute>0.0</attribute>
				<attribute>10</attribute>
			</feature>
			<feature>
				<name>Standard Deviation of Area Method of Moments</name>
				<active>false</active>
				<attribute>10</attribute>
				<attribute>100</attribute>
			</feature>
			<feature>
				<name>Running Mean of Strongest Beat</name>
				<active>false</active>
				<attribute>100</attribute>
			</feature>
			<feature>
				<name>Strongest Frequency Via Zero Crossings</name>
				<active>false</active>
			</feature>
			<feature>
				<name>Running Mean of Relative Difference Function</name>
				<active>false</active>
				<attribute>100</attribute>
			</feature>
			<feature>
				<name>Running Mean of Method of Moments</name>
				<active>false</active>
				<attribute>100</attribute>
			</feature>
			<feature>
				<name>Standard Deviation of Method of Moments</name>
				<active>false</active>
				<attribute>100</attribute>
			</feature>
			<feature>
				<name>Spectral Centroid</name>
				<active>true</active>
			</feature>
			<feature>
				<name>Derivative of Spectral Variability</name>
				<active>false</active>
			</feature>
			<feature>
				<name>Standard Deviation of Root Mean Square</name>
				<active>false</active>
				<attribute>100</attribute>
			</feature>
			<feature>
				<name>Derivative of Spectral Flux</name>
				<active>false</active>
			</feature>
			<feature>
				<name>Area Method of Moments</name>
				<active>false</active>
				<attribute>10</attribute>
			</feature>
			<feature>
				<name>Derivative of Running Mean of Spectral Centroid</name>
				<active>false</active>
				<attribute>100</attribute>
			</feature>
			<feature>
				<name>Standard Deviation of MFCC</name>
				<active>false</active>
				<attribute>13</attribute>
				<attribute>100</attribute>
			</feature>
			<feature>
				<name>Derivative of Standard Deviation of Strength Of Strongest Beat</name>
				<active>false</active>
				<attribute>100</attribute>
			</feature>
			<feature>
				<name>Derivative of Strongest Frequency Via Zero Crossings</name>
				<active>false</active>
			</feature>
			<feature>
				<name>Derivative of Running Mean of Strongest Frequency Via FFT Maximum</name>
				<active>false</active>
				<attribute>100</attribute>
			</feature>
			<feature>
				<name>Derivative of Running Mean of Peak Based Spectral Smoothness</name>
				<active>false</active>
				<attribute>100</attribute>
			</feature>
			<feature>
				<name>Standard Deviation of Strongest Beat</name>
				<active>false</active>
				<attribute>100</attribute>
			</feature>
			<feature>
				<name>Running Mean of Fraction Of Low Energy Windows</name>
				<active>false</active>
				<attribute>100</attribute>
			</feature>
			<feature>
				<name>Derivative of Standard Deviation of Spectral Rolloff Point</name>
				<active>false</active>
				<attribute>0.85</attribute>
				<attribute>100</attribute>
			</feature>
			<feature>
				<name>Standard Deviation of Fraction Of Low Energy Windows</name>
				<active>false</active>
				<attribute>100</attribute>
			</feature>
			<feature>
				<name>Derivative of Running Mean of Root Mean Square</name>
				<active>false</active>
				<attribute>100</attribute>
			</feature>
			<feature>
				<name>Power Spectrum</name>
				<active>true</active>
			</feature>
			<feature>
				<name>Derivative of Standard Deviation of Strongest Frequency Via FFT Maximum</name>
				<active>false</active>
				<attribute>100</attribute>
			</feature>
			<feature>
				<name>Derivative of Running Mean of Strongest Frequency Via Zero Crossings</name>
				<active>false</active>
				<attribute>100</attribute>
			</feature>
			<feature>
				<name>Derivative of Standard Deviation of LPC</name>
				<active>false</active>
				<attribute>0.0</attribute>
				<attribute>10</attribute>
				<attribute>100</attribute>
			</feature>
			<feature>
				<name>Strength Of Strongest Beat</name>
				<active>true</active>
			</feature>
			<feature>
				<name>Running Mean of Strongest Frequency Via Spectral Centroid</name>
				<active>false</active>
				<attribute>100</attribute>
			</feature>
			<feature>
				<name>Derivative of Running Mean of Fraction Of Low Energy Windows</name>
				<active>false</active>
				<attribute>100</attribute>
			</feature>
			<feature>
				<name>Derivative of Standard Deviation of Strongest Frequency Via Zero Crossings</name>
				<active>false</active>
				<attribute>100</attribute>
			</feature>
			<feature>
				<name>Beat Sum</name>
				<active>true</active>
			</feature>
			<feature>
				<name>Derivative of Standard Deviation of Spectral Variability</name>
				<active>false</active>
				<attribute>100</attribute>
			</feature>
			<feature>
				<name>Derivative of Standard Deviation of Zero Crossings</name>
				<active>false</active>
				<attribute>100</attribute>
			</feature>
			<feature>
				<name>Beat Histogram</name>
				<active>false</active>
			</feature>
			<feature>
				<name>LPC</name>
				<active>true</active>
				<attribute>0.0</attribute>
				<attribute>10</attribute>
			</feature>
			<feature>
				<name>Derivative of Running Mean of Beat Sum</name>
				<active>false</active>
				<attribute>100</attribute>
			</feature>
			<feature>
				<name>Derivative of MFCC</name>
				<active>false</active>
				<attribute>13</attribute>
			</feature>
			<feature>
				<name>Running Mean of Spectral Rolloff Point</name>
				<active>false</active>
				<attribute>0.85</attribute>
				<attribute>100</attribute>
			</feature>
			<feature>
				<name>Derivative of Spectral Centroid</name>
				<active>false</active>
			</feature>
			<feature>
				<name>Derivative of Relative Difference Function</name>
				<active>false</active>
			</feature>
			<feature>
				<name>Derivative of Standard Deviation of Spectral Centroid</name>
				<active>false</active>
				<attribute>100</attribute>
			</feature>
			<feature>
				<name>Derivative of Fraction Of Low Energy Windows</name>
				<active>false</active>
			</feature>
			<feature>
				<name>Standard Deviation of Spectral Flux</name>
				<active>false</active>
				<attribute>100</attribute>
			</feature>
			<feature>
				<name>Derivative of Standard Deviation of MFCC</name>
				<active>false</active>
				<attribute>13</attribute>
				<attribute>100</attribute>
			</feature>
			<feature>
				<name>Derivative of Standard Deviation of Partial Based Spectral Centroid</name>
				<active>false</active>
				<attribute>100</attribute>
			</feature>
			<feature>
				<name>Standard Deviation of Spectral Rolloff Point</name>
				<active>false</active>
				<attribute>0.85</attribute>
				<attribute>100</attribute>
			</feature>
			<feature>
				<name>Standard Deviation of Compactness</name>
				<active>false</active>
				<attribute>100</attribute>
			</feature>
			<feature>
				<name>Strongest Beat</name>
				<active>true</active>
			</feature>
			<feature>
				<name>Root Mean Square</name>
				<active>true</active>
			</feature>
			<feature>
				<name>Running Mean of LPC</name>
				<active>false</active>
				<attribute>0.0</attribute>
				<attribute>10</attribute>
				<attribute>100</attribute>
			</feature>
			<feature>
				<name>Derivative of Running Mean of Strongest Beat</name>
				<active>false</active>
				<attribute>100</attribute>
			</feature>
			<feature>
				<name>Running Mean of Strength Of Strongest Beat</name>
				<active>false</active>
				<attribute>100</attribute>
			</feature>
			<feature>
				<name>Derivative of Standard Deviation of Peak Based Spectral Smoothness</name>
				<active>false</active>
				<attribute>100</attribute>
			</feature>
			<feature>
				<name>Standard Deviation of Spectral Variability</name>
				<active>false</active>
				<attribute>100</attribute>
			</feature>
			<feature>
				<name>Derivative of Beat Sum</name>
				<active>false</active>
			</feature>
			<feature>
				<name>Derivative of Standard Deviation of Partial Based Spectral Flux</name>
				<active>false</active>
				<attribute>100</attribute>
			</feature>
			<feature>
				<name>Derivative of Area Method of Moments</name>
				<active>false</active>
				<attribute>10</attribute>
			</feature>
			<feature>
				<name>Derivative of Strongest Frequency Via Spectral Centroid</name>
				<active>false</active>
			</feature>
			<feature>
				<name>Derivative of Partial Based Spectral Centroid</name>
				<active>false</active>
			</feature>
			<feature>
				<name>Derivative of Standard Deviation of Strongest Frequency Via Spectral Centroid</name>
				<active>false</active>
				<attribute>100</attribute>
			</feature>
			<feature>
				<name>Running Mean of Spectral Flux</name>
				<active>false</active>
				<attribute>100</attribute>
			</feature>
			<feature>
				<name>Standard Deviation of Strongest Frequency Via FFT Maximum</name>
				<active>false</active>
				<attribute>100</attribute>
			</feature>
			<feature>
				<name>Magnitude Spectrum</name>
				<active>true</active>
			</feature>
			<feature>
				<name>Derivative of Standard Deviation of Compactness</name>
				<active>false</active>
				<attribute>100</attribute>
			</feature>
			<feature>
				<name>Zero Crossings</name>
				<active>true</active>
			</feature>
			<feature>
				<name>Standard Deviation of Partial Based Spectral Centroid</name>
				<active>false</active>
				<attribute>100</attribute>
			</feature>
			<feature>
				<name>Derivative of Root Mean Square</name>
				<active>false</active>
			</feature>
			<feature>
				<name>Running Mean of Area Method of Moments</name>
				<active>false</active>
				<attribute>100</attribute>
				<attribute>100</attribute>
			</feature>
			<feature>
				<name>Derivative of Running Mean of Method of Moments</name>
				<active>false</active>
				<attribute>100</attribute>
			</feature>
			<feature>
				<name>Derivative of Running Mean of LPC</name>
				<active>false</active>
				<attribute>0.0</attribute>
				<attribute>10</attribute>
				<attribute>100</attribute>
			</feature>
			<feature>
				<name>Running Mean of Spectral Centroid</name>
				<active>false</active>
				<attribute>100</attribute>
			</feature>
			<feature>
				<name>Derivative of Standard Deviation of Spectral Flux</name>
				<active>false</active>
				<attribute>100</attribute>
			</feature>
			<feature>
				<name>Derivative of Running Mean of Spectral Flux</name>
				<active>false</active>
				<attribute>100</attribute>
			</feature>
			<feature>
				<name>Derivative of Strength Of Strongest Beat</name>
				<active>false</active>
			</feature>
			<feature>
				<name>Spectral Variability</name>
				<active>true</active>
			</feature>
			<feature>
				<name>Running Mean of Compactness</name>
				<active>false</active>
				<attribute>100</attribute>
			</feature>
			<feature>
				<name>Fraction Of Low Energy Windows</name>
				<active>true</active>
			</feature>
			<feature>
				<name>Standard Deviation of LPC</name>
				<active>false</active>
				<attribute>0.0</attribute>
				<attribute>10</attribute>
				<attribute>100</attribute>
			</feature>
			<feature>
				<name>Running Mean of Partial Based Spectral Centroid</name>
				<active>false</active>
				<attribute>100</attribute>
			</feature>
			<feature>
				<name>Partial Based Spectral Centroid</name>
				<active>false</active>
			</feature>
			<feature>
				<name>Standard Deviation of Spectral Centroid</name>
				<active>false</active>
				<attribute>100</attribute>
			</feature>
			<feature>
				<name>Method of Moments</name>
				<active>true</active>
			</feature>
			<feature>
				<name>Derivative of Running Mean of Spectral Variability</name>
				<active>false</active>
				<attribute>100</attribute>
			</feature>
			<feature>
				<name>Derivative of Standard Deviation of Strongest Beat</name>
				<active>false</active>
				<attribute>100</attribute>
			</feature>
			<feature>
				<name>Derivative of Running Mean of Compactness</name>
				<active>false</active>
				<attribute>100</attribute>
			</feature>
			<feature>
				<name>Standard Deviation of Strength Of Strongest Beat</name>
				<active>false</active>
				<attribute>100</attribute>
			</feature>
			<feature>
				<name>Derivative of Running Mean of Relative Difference Function</name>
				<active>false</active>
				<attribute>100</attribute>
			</feature>
			<feature>
				<name>MFCC</name>
				<active>true</active>
				<attribute>13</attribute>
			</feature>
			<feature>
				<name>Derivative of Running Mean of Area Method of Moments</name>
				<active>false</active>
				<attribute>100</attribute>
				<attribute>100</attribute>
			</feature>
			<feature>
				<name>Derivative of Compactness</name>
				<active>false</active>
			</feature>
			<feature>
				<name>Derivative of Running Mean of MFCC</name>
				<active>false</active>
				<attribute>13</attribute>
				<attribute>100</attribute>
			</feature>
			<feature>
				<name>Derivative of Running Mean of Partial Based Spectral Centroid</name>
				<active>false</active>
				<attribute>100</attribute>
			</feature>
			<feature>
				<name>Partial Based Spectral Flux</name>
				<active>false</active>
			</feature>
			<feature>
				<name>Spectral Flux</name>
				<active>true</active>
			</feature>
			<feature>
				<name>Standard Deviation of Partial Based Spectral Flux</name>
				<active>false</active>
				<attribute>100</attribute>
			</feature>
			<feature>
				<name>Running Mean of Strongest Frequency Via FFT Maximum</name>
				<active>false</active>
				<attribute>100</attribute>
			</feature>
			<feature>
				<name>Derivative of Running Mean of Zero Crossings</name>
				<active>false</active>
				<attribute>100</attribute>
			</feature>
			<feature>
				<name>Strongest Frequency Via Spectral Centroid</name>
				<active>false</active>
			</feature>
			<feature>
				<name>Running Mean of Zero Crossings</name>
				<active>false</active>
				<attribute>100</attribute>
			</feature>
			<feature>
				<name>Running Mean of Strongest Frequency Via Zero Crossings</name>
				<active>false</active>
				<attribute>100</attribute>
			</feature>
			<feature>
				<name>Standard Deviation of Strongest Frequency Via Zero Crossings</name>
				<active>false</active>
				<attribute>100</attribute>
			</feature>
			<feature>
				<name>Relative Difference Function</name>
				<active>false</active>
			</feature>
			<feature>
				<name>Derivative of Standard Deviation of Beat Sum</name>
				<active>false</active>
				<attribute>100</attribute>
			</feature>
			<feature>
				<name>Derivative of Peak Based Spectral Smoothness</name>
				<active>false</active>
			</feature>
			<feature>
				<name>Derivative of Partial Based Spectral Flux</name>
				<active>false</active>
			</feature>
			<feature>
				<name>Running Mean of Root Mean Square</name>
				<active>false</active>
				<attribute>100</attribute>
			</feature>
			<feature>
				<name>Beat Histogram Bin Labels</name>
				<active>false</active>
			</feature>
			<feature>
				<name>Peak Based Spectral Smoothness</name>
				<active>false</active>
			</feature>
			<feature>
				<name>Derivative of Method of Moments</name>
				<active>false</active>
			</feature>
			<feature>
				<name>Derivative of Running Mean of Spectral Rolloff Point</name>
				<active>false</active>
				<attribute>0.85</attribute>
				<attribute>100</attribute>
			</feature>
			<feature>
				<name>Compactness</name>
				<active>true</active>
			</feature>
			<feature>
				<name>Standard Deviation of Beat Sum</name>
				<active>false</active>
				<attribute>100</attribute>
			</feature>
			<feature>
				<name>Derivative of Standard Deviation of Relative Difference Function</name>
				<active>false</active>
				<attribute>100</attribute>
			</feature>
			<feature>
				<name>Derivative of Running Mean of Partial Based Spectral Flux</name>
				<active>false</active>
				<attribute>100</attribute>
			</feature>
			<feature>
				<name>Derivative of Spectral Rolloff Point</name>
				<active>false</active>
				<attribute>0.85</attribute>
			</feature>
			<feature>
				<name>Derivative of Running Mean of Strength Of Strongest Beat</name>
				<active>false</active>
				<attribute>100</attribute>
			</feature>
			<feature>
				<name>Standard Deviation of Relative Difference Function</name>
				<active>false</active>
				<attribute>100</attribute>
			</feature>
			<feature>
				<name>Running Mean of Spectral Variability</name>
				<active>false</active>
				<attribute>100</attribute>
			</feature>
			<feature>
				<name>Derivative of Zero Crossings</name>
				<active>false</active>
			</feature>
			<feature>
				<name>Strongest Frequency Via FFT Maximum</name>
				<active>false</active>
			</feature>
			<feature>
				<name>Running Mean of Partial Based Spectral Flux</name>
				<active>false</active>
				<attribute>100</attribute>
			</feature>
			<feature>
				<name>FFT Bin Frequency Labels</name>
				<active>false</active>
			</feature>
			<feature>
				<name>Running Mean of MFCC</name>
				<active>false</active>
				<attribute>13</attribute>
				<attribute>100</attribute>
			</feature>
			<feature>
				<name>Derivative of Standard Deviation of Area Method of Moments</name>
				<active>false</active>
				<attribute>10</attribute>
				<attribute>100</attribute>
			</feature>
			<feature>
				<name>Peak Detection</name>
				<active>false</active>
				<attribute>10</attribute>
			</feature>
			<feature>
				<name>Derivative of Running Mean of Strongest Frequency Via Spectral Centroid</name>
				<active>false</active>
				<attribute>100</attribute>
			</feature>
			<feature>
				<name>Derivative of Standard Deviation of Fraction Of Low Energy Windows</name>
				<active>false</active>
				<attribute>100</attribute>
			</feature>
			<feature>
				<name>Derivative of Strongest Frequency Via FFT Maximum</name>
				<active>false</active>
			</feature>
			<feature>
				<name>Standard Deviation of Peak Based Spectral Smoothness</name>
				<active>false</active>
				<attribute>100</attribute>
			</feature>
			<feature>
				<name>Spectral Rolloff Point</name>
				<active>true</active>
				<attribute>0.85</attribute>
			</feature>
			<feature>
				<name>Standard Deviation of Strongest Frequency Via Spectral Centroid</name>
				<active>false</active>
				<attribute>100</attribute>
			</feature>
			<feature>
				<name>Derivative of Strongest Beat</name>
				<active>false</active>
			</feature>
			<feature>
				<name>Standard Deviation of Zero Crossings</name>
				<active>false</active>
				<attribute>100</attribute>
			</feature>
			<feature>
				<name>Derivative of Standard Deviation of Method of Moments</name>
				<active>false</active>
				<attribute>100</attribute>
			</feature>
			<aggregator>
				<aggregatorName>Standard Deviation</aggregatorName>
			</aggregator>
			<aggregator>
				<aggregatorName>Mean</aggregatorName>
			</aggregator>
		</settings>
		<destination>feature_definitions_1.xml</destination>
		<destination>feature_values_1.xml</destination>
	</batch>
</batchFile>